id,title,author,score,num_comments,created_utc,selftext
1m4ikxp,Wife of Man Killed in Freak MRI Accident Tearfully Recalls Watching Machine 'Snatch Himâ€™: â€˜He Went Limp in My Arms',rezwenn,2313,569,2025-07-20 07:06:39,
1m4mzra,A MAGA bot network on X is divided over the Trump-Epstein backlash | Researchers have found hundreds of fake X accounts that support the Trump administration.,Aggravating_Money992,719,41,2025-07-20 11:49:29,
1m45o4v,"Astronomer CEO Andy Byron resigns after Coldplay â€˜kiss camâ€™ scandal, company confirms in statement: â€˜Astronomer is committed to the values and culture that have guided us since our founding,â€™ the company said in a statement Friday",ControlCAD,10052,1021,2025-07-19 20:06:13,
1m4ebnr,Mushroom learns to crawl after being given robot body,gametorch,2013,241,2025-07-20 02:56:46,
1m4662h,Strangulation in pornography to be made illegal,AnonymousTimewaster,6402,717,2025-07-19 20:27:12,
1m4bajd,"LibreOffice calls out Microsoft for using ""complex"" file formats to lock in Office users -",barweis,2420,189,2025-07-20 00:20:50,
1m452dh,Valve confirms credit card companies pressured it to delist certain adult games from Steam,lurker_bee,5385,461,2025-07-19 19:40:45,
1m3zin0,'Universal cancer vaccine' trains the immune system to kill any tumor | This new approach could pave the way to fighting any cancer,chrisdh79,9623,525,2025-07-19 15:50:32,
1m4fp3t,Microsoft says it will no longer use engineers in China for Department of Defense work,MicroSofty88,832,75,2025-07-20 04:12:24,
1m4eoz0,Microsoft scraps the new Windows 11 system tray after user criticism,lurker_bee,823,191,2025-07-20 03:16:33,
1m4h73m,DHS Faces New Pressure Over DNA Taken From Immigrant Children,rezwenn,492,12,2025-07-20 05:41:04,
1m4ech0,AI guzzled millions of books without permission. Authors are fighting back.,Aralknight,642,52,2025-07-20 02:57:58,
1m4md3y,"Chinaâ€™s BYD Takes the Lead Over Tesla in the Self-Driving Car Wars | By promising to pay for AI failures, the Chinese EV giant is challenging Tesla's ""use at your own risk"" model.",chrisdh79,135,18,2025-07-20 11:12:38,
1m4n40s,"Tesla Tries to Save the Cybertruck With Its Most Desperate Offer Yet | After a disastrous launch and dismal sales, Tesla is now offering to give away its most valuable software to convince people to buy its polarizing electric truck.",Aggravating_Money992,107,72,2025-07-20 11:56:17,
1m487li,LinkedIn Banned A Trans Woman For Using Her Preferred Name,Well_Socialized,1221,211,2025-07-19 21:56:54,
1m3sjl8,"People Are Being Involuntarily Committed, Jailed After Spiraling Into ""ChatGPT Psychosis""",upyoars,16309,2455,2025-07-19 10:01:59,
1m3w2hj,RFK Jr. wants to change program that stopped vaccine makers from leaving US market,Logical_Welder3467,4567,220,2025-07-19 13:19:40,
1m45ycs,Group Behind Steam Censorship Policies Have Powerful Allies â€” And Targeted Popular Games With Outlandish Claims,eviljordan,1062,97,2025-07-19 20:18:02,
1m4bjo1,The Final Recall: Sony Xperia Smartphone Last Gasp Before Mobile Death,ControlCAD,329,60,2025-07-20 00:33:42,
1m4bawr,"Intel axes Clear Linux, the fastest distribution on the market â€” company ends development and support, effective immediately",Logical_Welder3467,293,44,2025-07-20 00:21:21,
1m4f35d,ChatGPT Is Changing the Words We Use in Conversation,FocusingEndeavor,158,102,2025-07-20 03:38:12,
1m4m1hi,Google is using two billion Android phones to detect earthquakes worldwide | Google's earthquake alert system performance matches seismometers in global test,chrisdh79,40,5,2025-07-20 10:53:10,
1m3xjp8,Rideshare drivers use apps to help them judge whether a ride is worth it. Uber and Lyft are trying to kill some of them.,SnoozeDoggyDog,1308,138,2025-07-19 14:26:54,
1m44onf,"Dutch parliament considering copyright on faces, voices in fight against deepfakes",BurstYourBubbles,474,10,2025-07-19 19:24:48,
1m3hs9l,DuckDuckGo now lets you hide AI-generated images in search results,indig0sixalpha,35287,548,2025-07-18 23:50:33,
1m3iylk,"As White House talks about impounding NASA funding, Congress takes the threat seriously: ""NASA appears to be acting in accordance with a fringe, extremist ideology.""",ControlCAD,8431,497,2025-07-19 00:46:54,
1m3u4z3,Italian YouTuber Faces Jail Time for Showing Android Handhelds With Emulated Games,unboring-recycle,765,40,2025-07-19 11:40:10,
1m3ihma,Apple sues YouTuber who leaked iOS 26â€™s new â€œLiquid Glassâ€ software redesign,Logical_Welder3467,4268,211,2025-07-19 00:23:47,
1m4kojs,Alibaba launches Al tool to help fashion retailers create virtual try-on videos,vikikuki,9,8,2025-07-20 09:25:49,
1m40xcv,The tech that the US Post Office gave us,gametorch,177,9,2025-07-19 16:48:47,
1m3vnol,"For privacy and security, think twice before granting AI access to your personal data",Logical_Welder3467,265,7,2025-07-19 12:59:49,
1m3hznw,Gabe Newell thinks AI tools will result in a 'funny situation' where people who don't know how to program become 'more effective developers of value' than those who've been at it for a decade,lurker_bee,2434,633,2025-07-19 00:00:12,
1m4fsak,"Japan industry, academia team up to build hulking rescue robots",Saltedline,12,3,2025-07-20 04:17:24,
1m3lnsx,Click-to-cancel is canceled â€” and only a glimmer of hope remains for its revival,Choobeen,1224,56,2025-07-19 03:03:31,
1m3di06,"Exhausted man defeats AI model in world coding championship: ""Humanity has prevailed (for now!),"" writes winner after 10-hour coding marathon against OpenAI.",ControlCAD,3943,289,2025-07-18 20:45:59,
1m3yj1q,A surveillance vendor was caught exploiting a new SS7 attack to track people's phone locations | TechCrunch,GamerY7,98,3,2025-07-19 15:08:57,
1m30qaz,"Trump's firing of Democratic FTC commissioner was unlawful, judge rules | The judge says Rebecca Slaughter is still a 'rightful member' of the FTC.",chrisdh79,18350,180,2025-07-18 12:15:12,
1m324hv,Facebook Deletes 10 Million Accounts And Warns The Purge Will Go On,lurker_bee,9224,1183,2025-07-18 13:18:35,
1m486wk,BioCentury - Third death from a Sarepta gene therapy,barweis,18,2,2025-07-19 21:56:02,
1m3t7xl,MIT's new AI can teach itself to control robots by watching the world through their eyes â€” it only needs a single camera,yogthos,120,8,2025-07-19 10:46:14,
1m48r0y,OpenAI's gold medal performance on the International Math Olympiad.,Additional-Bee1379,12,5,2025-07-19 22:21:26,
1m380k2,Reddit users in the UK must now upload selfies to access NSFW subreddits,I-T-T-I,2332,380,2025-07-18 17:10:20,
1m3e2mb,Microsoft to stop using engineers in China for tech support of U.S. military after ProPublica report,ThatBlackGuy_,1014,50,2025-07-18 21:09:14,
1m38m2e,Ring reintroduces video sharing with police. The video doorbell company is partnering with TASER-maker Axon.,Knightbear49,1744,200,2025-07-18 17:32:37,
1m33mwy,"White House Partners With PragerU to Make AI-Slopified Founding Fathers | John Adams says ""facts do not care about our feelings"" in one of the AI-generated videos in PragerU's series partnership with White House.",Aggravating_Money992,2301,199,2025-07-18 14:21:29,
1m3jf54,"Actors Launch Retire Big Oil Campaign, Urging SAG-Producers Pension Plan to Stop Investing Over $100M in Fossil Fuel Companies",upyoars,310,14,2025-07-19 01:09:39,
1m35jzr,"Microsoft suddenly kills its movies and TV store on Xbox and Windows. Youâ€™ll still be able to access content you already own, but you wonâ€™t be able to buy and new movies or TV shows.",indig0sixalpha,1783,284,2025-07-18 15:35:23,
1m39f72,Bank Warns That Robotaxi Companies May Have Overlooked Severe Obstacles to Actually Making Money,upyoars,1038,123,2025-07-18 18:03:48,
1m3dsjp,My Classroom Will Be AI-Free This Fall,ubcstaffer123,565,183,2025-07-18 20:57:54,
1m30zu0,Netflix starts using GenAI in its shows and films,indig0sixalpha,2673,365,2025-07-18 12:27:39,
1m3dpdq,Law Student Allegedly Used AI to Create Porn of Fellow Students â€” Then Tried to Apologize,ubcstaffer123,483,62,2025-07-18 20:54:15,
1m2tc40,"Trump's $1.1 Billion Cuts to NPR, PBS Pass Republican-Controlled House",cmaia1503,11159,826,2025-07-18 04:51:36,
1m3vjah,Apple sues leaker Jon Prosser over alleged iOS 26 trade secret and iPhone breach,AdSpecialist6598,23,8,2025-07-19 12:53:36,
1m2ywrg,YouTuber raided by Italian police for reviewing handhelds with preloaded ROMs | Up to three years in jail for simply discussing retro game ROMs?,chrisdh79,2582,129,2025-07-18 10:38:40,
1m2zj3c,Drones Are Key to Winning Wars Now. The U.S. Makes Hardly Any.,rezwenn,1682,352,2025-07-18 11:13:09,
1m2ywtc,"Trump administration hands over Medicaid recipientsâ€™ personal data, including addresses, to ICE",PDubsinTF-NEW,1819,88,2025-07-18 10:38:45,
1m3dmxh,"Meta says it won't sign Europe AI agreement, calling it an overreach that will stunt growth",Puginator,196,108,2025-07-18 20:51:30,
1m3qae3,Plastic recycling could be improved with new technologies like AI-assisted sorting,thinkB4WeSpeak,24,7,2025-07-19 07:33:00,
1m3kh7e,FCC targets removal of Chinese tech in subsea cables,barweis,47,4,2025-07-19 02:02:37,
1m2f4at,Senate votes to kill entire public broadcasting budget in blow to NPR and PBS | Senate votes to rescind $1.1 billion from Corporation for Public Broadcasting.,ControlCAD,35299,2334,2025-07-17 18:21:43,
1m2zzwo,"Their Water Taps Ran Dry When Meta Built Next Door: In the race to develop artificial intelligence, tech giants are building data centers that guzzle up water. That has led to problems for people who live nearby.",rezwenn,576,39,2025-07-18 11:38:31,
1m37m84,AI is killing the web. Can anything save it?,rezwenn,213,89,2025-07-18 16:55:36,
1m2qhg7,â€˜We Apologizeâ€™â€”Microsoft Confirms Windows Update Mistake,lurker_bee,2909,299,2025-07-18 02:23:24,
1m2zo2m,"Man Wearing Neck Chain Is Pulled Into M.R.I. Machine, Police Say",rezwenn,476,263,2025-07-18 11:20:38,
1m31la9,"As AI rocks entry-level gigs, Whole Foods exec says the billion-dollar grocer is offering workers the chance to become butchers, fishmongers, and pizza makers",lurker_bee,351,71,2025-07-18 12:55:33,
1m37wfo,Netflix shares fall as weak dollar-driven forecast fails to impress,ThatBlackGuy_,157,30,2025-07-18 17:06:04,
1m32v4k,"China Discovers 490 Million Tons of Lithium Ore in Chenzhou, Hunan",upyoars,278,34,2025-07-18 13:50:21,
1m38dh4,Wait a minute â€” developers who use genAI tools are slower?,Tanglesome,118,51,2025-07-18 17:23:38,
1m2ryqf,ICE Is Getting Unprecedented Access to Medicaid Data,rezwenn,1470,68,2025-07-18 03:38:15,
1m31pgi,Reddit Surrenders. Implements Age Verification for UK Users,vriska1,234,88,2025-07-18 13:00:50,
1m2x9is,"Top AI Companies Have â€˜Unacceptableâ€™ Risk Management, Studies Say",MetaKnowing,481,34,2025-07-18 08:56:28,
1m28n5d,â€˜All US forces must now assume their networks are compromisedâ€™ after Salt Typhoon breach,lurker_bee,28032,911,2025-07-17 14:13:20,
1m2pr8w,Chinaâ€™s supersoldier experiments â€˜disturbingâ€™: Ex-intelligence officer,upyoars,1581,361,2025-07-18 01:48:25,
1m32fr6,"Former OpenAI staffer reveals culture of secrecy, speed, and X obsession",AdSpecialist6598,164,13,2025-07-18 13:32:19,
1m3d107,China puts new restrictions on EV battery technology in latest move to consolidate dominance,upyoars,42,14,2025-07-18 20:26:47,
1m3fwm4,Internet regulation is entering its hall pass era,vriska1,24,20,2025-07-18 22:26:33,
1m2yzh2,Apple sues leaker Jon Prosser for stealing iOS secrets | Prosser says he â€˜was unaware of how the information was obtained.â€™,chrisdh79,230,56,2025-07-18 10:42:58,
1m2aev7,"Trump Moves to Kill Californiaâ€™s Dreams of High-Speed Rail; â€œTrump wants to hand China the future and abandon the Central Valley,"" Governor Newsom said.",indig0sixalpha,6660,486,2025-07-17 15:22:19,
1m33xxz,OpenAI Quietly Turns to Google to Stay Online | The most powerful artificial intelligence company in the world just admitted it needs help from one of its biggest rivals to stay afloat.,chrisdh79,85,16,2025-07-18 14:33:41,
1m2gge7,How to Stop Hertz's AI Rental Car Damage Scanners From Screwing You,DonkeyFuel,3026,325,2025-07-17 19:12:43,
1m2gz4v,"Zuckerberg settles $8 billion lawsuit over Cambridge Analytica scandal, avoids testifying",nohup_me,2304,75,2025-07-17 19:32:54,
1m35f3b,The Smoot â€“ How an MIT prank became a lasting unit of measurement,Forgotthebloodypassw,58,7,2025-07-18 15:30:20,
1m2wjid,Retro reviewer could face up to three years in jail over copyright â€” Italian authorities investigate creator for 'advertising' Anbernic handheld game consoles,Logical_Welder3467,218,16,2025-07-18 08:08:18,
1m279hl,"Wall Street's AI Bubble Is Worse Than the 1999 Dot-com Bubble, Warns a Top Economist",indig0sixalpha,7243,543,2025-07-17 13:15:31,
1m4bbtz,Nvidia CEO Jensen Huang sells an additional $12.94 million worth of shares,Logical_Welder3467,0,7,2025-07-20 00:22:36,
1m3032r,â€œTheyâ€™re Turning Pollution Into Candy!â€: Chinese Scientists Stun the World by Making Food from Captured Carbon Emissions,upyoars,103,70,2025-07-18 11:43:25,
1m26s0l,DOGE Put Free Tax Filing Tool on Chopping Block After One Meeting With Lobbyists,RoachedCoach,5371,98,2025-07-17 12:54:23,
1m2g96v,"Linux has over 6% of the desktop market? Yes, you read that right - here's how",Tanglesome,1432,381,2025-07-17 19:04:55,
1m2cgd4,Intel to lay off thousands of workers in the United States,lurker_bee,1929,201,2025-07-17 16:40:55,
1m37lx5,Top Republican on China panel objects to resumption of Nvidia H20 chip shipments,ThatBlackGuy_,21,3,2025-07-18 16:55:16,
1m3bv45,How thousands of teaching positions in Germany were lost to a computer glitch,digno2,12,4,2025-07-18 19:39:46,
1m31nbv,Google tapped billions of mobile phones to detect quakes worldwide â€” and send alerts. Study reveals how the tech behemoth is using the motions sensors on phones to expand quake warnings to more countries.,mvea,43,15,2025-07-18 12:58:14,
1m34l23,Nvidia CEO Huang Emerges As Reluctant Emissary In US-China Clash,Mynameis__--__,28,5,2025-07-18 14:58:37,
1m29lg4,Babies made using three people's DNA are born free of hereditary disease,BreakfastTop6899,2186,164,2025-07-17 14:51:09,
1m2zl6d,The alarming record broken by China as its population tries to keep cool in summer,Wagamaga,35,16,2025-07-18 11:16:15,
1m2zvgw,U.S. Proposes Steep Tariffs on Critical E.V. Battery Material,rezwenn,38,15,2025-07-18 11:31:59,
1m32kzo,TSMC's quarterly sales hit a record $30 billion â€” contract chipmaker plans over 15 new fabs to meet still-growing AI demand,ControlCAD,23,4,2025-07-18 13:38:30,
1m3it98,Garmin's latest software update fixes ghost touches on new Forerunner models â€“ but adds more bugs,Logical_Welder3467,3,1,2025-07-19 00:39:35,
1m1xf7b,Trump rescinds $4 billion in US funding for California High-Speed Rail project,BreakfastTop6899,16565,1268,2025-07-17 03:47:20,
1m2qtpq,â€œWeâ€™re Harvesting Jet Blast Nowâ€: Tiny Wind Turbines in Texas Capture Takeoff Gusts to Generate Clean Energy from Airports,rollem,161,37,2025-07-18 02:40:09,
1m2htr9,Dell employees are not OK,north_canadian_ice,481,129,2025-07-17 20:06:02,
1m2zozq,Interior Dept. to Put Wind and Solar Projects Through Stricter Political Review,rezwenn,30,9,2025-07-18 11:21:51,
1m2q819,"'Magic' moon tech: Chinese scientists find way to extract water, CO2, oxygen from lunar soil",upyoars,142,23,2025-07-18 02:10:43,
1m2vlzb,Hong Kong govâ€™t to require all taxis to install in-car cameras with audio recording functions by early 2027,Saltedline,48,15,2025-07-18 07:07:41,
1m32fz5,Denmark aims to host worldâ€™s most powerful quantum computer - Reuters,irtiq7,15,4,2025-07-18 13:32:34,
1m4032p,Accenture reimagines IT operations with agentic AI,lurker_bee,0,21,2025-07-19 16:13:56,
1m2zsrp,Chinaâ€™s cyber sector amplifies Beijingâ€™s hacking of U.S. targets,rezwenn,17,1,2025-07-18 11:27:48,
1m2mcwc,We Support Wikimedia Foundationâ€™s Challenge to UKâ€™s Online Safety Act,vriska1,180,10,2025-07-17 23:09:57,
1m2y03g,Apple Sues Jon Prosser Over iOS 26 Leaks,lordatlas,27,19,2025-07-18 09:44:15,
1m2h5kf,Reddit CMO Roxy Young departs after eight years of brand building,mrinternetman24,319,42,2025-07-17 19:40:03,
1m2h4pf,Amazon Warns 220 Million Customers Of Prime Account Attacks,lurker_bee,295,23,2025-07-17 19:39:02,
1m2hyd6,Pornhub Texas Return Possible After High Court Age Check Ruling,vriska1,246,45,2025-07-17 20:11:00,
1m25ckv,"Scientists from OpenAI, Google DeepMind, Anthropic and Meta have abandoned their fierce corporate rivalry to issue a joint warning about AI safety. More than 40 researchers published a research paper today arguing that a brief window to monitor AI reasoning could close forever â€” and soon.",MetaKnowing,1078,132,2025-07-17 11:44:24,
1m275kq,"Perplexity CEO's warning to startups: big tech will ""copy anything that's good""",AdSpecialist6598,821,101,2025-07-17 13:10:49,
1m2teea,Where Congressâ€™s Cuts Threaten Access to PBS and NPR,UnscheduledCalendar,41,5,2025-07-18 04:55:07,
1m2vbj1,UK's most powerful supercomputer comes online,bitsxbotanicals,29,12,2025-07-18 06:50:17,
1m2wl4d,"Google sues 25 alleged BadBox 2.0 botnet operators, all of whom are in China",Logical_Welder3467,21,2,2025-07-18 08:11:04,
1m3idg9,Cursor snaps up enterprise startup Koala in challenge to GitHub Copilot,Logical_Welder3467,0,0,2025-07-19 00:18:11,
1m2zy7a,"Rapidus reports 2-nanometer progress, moving Japan closer to semiconductor goals",RiKeiJin,10,2,2025-07-18 11:36:00,
1m23hg8,"Steam cracks down on some sex games to appease payment processors | New rule against ""certain kinds"" of adult content accompanies removal of ""incest"" games.",chrisdh79,1017,305,2025-07-17 09:58:09,
1m2yrcg,NVIDIA CEO says Huawei's new CloudMatrix AI cluster competes with Grace Blackwell AI servers,upyoars,10,8,2025-07-18 10:29:50,
1m2em12,News publishers take paywall-blocker 12ft.io offline.,Valinaut,178,30,2025-07-17 18:02:29,
1m1rxa3,Delta moves toward eliminating set prices in favor of AI that determines how much you personally will pay for a ticket,lurker_bee,5350,717,2025-07-16 23:24:35,
1m2b0re,Waymo responds to Teslaâ€™s dick joke with a bigger Austin robotaxi map,RoachedCoach,248,38,2025-07-17 15:45:54,
1m1xi8q,"Starbucks tells corporate employees to come back to the office 4 days a week, or leave",Choobeen,2193,228,2025-07-17 03:51:50,
1m2nq0g,"In rare earth metals power struggle with China, old laptops, phones may get a new life",rezwenn,47,4,2025-07-18 00:11:41,
1m24jzm,GMC Hummer EV outsold the Tesla Cybertruck last quarter,chrisdh79,514,127,2025-07-17 11:01:22,
1m2dgcp,"Meta investors, Zuckerberg reach settlement to end $8 billion trial over Facebook privacy litigation.",Valinaut,145,5,2025-07-17 17:18:40,
1m1m1tz,California Proposed A Law Making Broadband Affordable For Poor People. Telecom Lobbyists Have Already Destroyed It.,StraightedgexLiberal,8497,134,2025-07-16 19:27:29,
1m3c43e,Getting off US Tech: a guide,Well_Socialized,0,6,2025-07-18 19:49:41,
1m2kcx4,Russia Approves Fines for â€˜Extremistâ€™ Searches and VPN Promotion,BalticsFox,53,6,2025-07-17 21:45:42,
1m23pem,Trump is helping China win the AI race,Stuart_Whatley,404,50,2025-07-17 10:11:23,
1m1zvvo,Jack Dorsey pumps $10 million into a nonprofit focused on open-source social media,Logical_Welder3467,848,42,2025-07-17 06:06:33,
1m2c178,Candy Crush studio hit by layoffs as AI takes over design and writing work,Conscious-Quarter423,114,33,2025-07-17 16:24:19,
1m2cs8q,Amazon cuts some jobs in cloud computing unit as layoffs continue,Conscious-Quarter423,83,16,2025-07-17 16:53:34,
1m2wie8,Perplexity sees India as a shortcut in its race against OpenAI,Logical_Welder3467,4,1,2025-07-18 08:06:13,
1m2io3q,Google's Android boss suggests ChromeOS could be on borrowed time,rezwenn,38,22,2025-07-17 20:38:46,
1m1c36e,US visa refused after Indian applicant failed to share Reddit account,BreakfastTop6899,19773,1143,2025-07-16 13:05:32,
1m19tao,The FBI's Jeffrey Epstein Prison Video Had Nearly 3 Minutes Cut Out | Metadata from the â€œrawâ€ Epstein prison video shows approximately 2 minutes and 53 seconds were removed from one of two stitched-together clips. The cut starts right at the â€œmissing minute.â€,chrisdh79,62243,1465,2025-07-16 11:12:44,
1m2nnl2,"Nvidia's resumption of AI chips to China is part of rare earths talks, says US",rezwenn,17,4,2025-07-18 00:08:35,
1m2oyjc,AWS sheds more jobs as Jassy's automation layoff prophecy comes true,Logical_Welder3467,14,0,2025-07-18 01:09:57,
1m21vvu,Nearly 3 out of 4 Oracle Java users say they've been audited in the past 3 years,Logical_Welder3467,308,54,2025-07-17 08:14:28,
1m2699x,Roblox will require a facial scan or government ID to have unfiltered chats | Teens will have to prove they are older than 13 to make â€™Trusted Connectionsâ€™ they can chat more freely with.,chrisdh79,118,19,2025-07-17 12:30:15,
1m2dv8b,Canadaâ€™s C-2 Bill Is The Latest Challenge to Digital Sovereignty,SaveDnet-FRed0,33,3,2025-07-17 17:34:20,
1m1wmkh,Nintendo resorts to weird patent claims as its litigation against Palworld maker Pocketpair is struggling,esporx,434,68,2025-07-17 03:06:28,
1m1o5pn,Michigan loses massive semiconductor plant. Whitmer blames â€˜national economic turmoilâ€™,esporx,1310,48,2025-07-16 20:49:54,
1m281v9,Uber to invest hundreds of millions of dollars in Lucid and Nuro in massive robotaxi deal,DonkeyFuel,57,25,2025-07-17 13:49:23,
1m2w2wx,Dictionary.com â€œdevastatedâ€ paid users by abruptly deleting saved words lists &#x2d; Ars Technica,matthieuC,3,7,2025-07-18 07:38:17,
1m2m04w,Google is suing the BadBox 2.0 botnet group,Doug24,11,4,2025-07-17 22:54:58,
1m1ad66,America was already losing to China on clean energy. Trump just sealed its fate,spherocytes,5214,309,2025-07-16 11:42:44,
1m1jv46,"Forget copyright strikes, a retro gaming YouTuber 'Once Were Nerd' faces possible jail time for reviewing gaming handhelds | ANBERNIC gaming handheld reviews may land this YouTuber in jail.",ControlCAD,1481,67,2025-07-16 18:06:13,
1m2wkpf,"VMware slows release cadence for flagship Cloud Foundation suite, but extends support",Logical_Welder3467,0,0,2025-07-18 08:10:22,
1m2i2i7,Netflix Beats Wall Street Expectations As Revenue and Profits Surge,afterburners_engaged,6,7,2025-07-17 20:15:31,
1m1buxy,Gen Z is spying on each other,That-Situation-4262,2370,470,2025-07-16 12:55:17,
1m255vy,"How Nvidiaâ€™s Jensen Huang Persuaded Trump to Sell A.I. Chips to China | With help from a longtime Silicon Valley investor turned White House insider, Mr. Huang got the administration to reverse course on restrictions.",MetaKnowing,35,6,2025-07-17 11:34:17,
1m2dhsr,Meta argues its AI needs personal information from social media posts to learn â€˜Australian conceptsâ€™ | Australia news,YesNo_Maybe_,12,6,2025-07-17 17:20:11,
1m25aea,"AI firms â€˜unpreparedâ€™ for dangers of building human-level systems, report warns",MetaKnowing,28,0,2025-07-17 11:41:03,
1m28fol,China-linked hackers target Taiwan chip firms in a coordinated espionage campaign,rezwenn,17,1,2025-07-17 14:05:13,
1m1idii,"Scale AI lays off 200 employees, â€˜We ramped up our GenAI capacity too quicklyâ€™",joe4942,817,45,2025-07-16 17:10:59,
1m2h7yu,AI has changed the job market and its rules,ubcstaffer123,5,4,2025-07-17 19:42:44,
1m1suqw,Apple signs megadeal with operator of one-of-a-kind Calif. mine,reddit455,198,21,2025-07-17 00:06:04,">The Cupertino tech giant has inked a $500 million deal with Mountain Passâ€™ owner and operator MP Materials, the two companies announced on Tuesday, in a move that will help Apple onshore a part of its sprawling supply chain. TheÂ [iPhone](https://www.sfgate.com/tech/article/apple-event-san-francisco-tour-19753600.php)\-maker agreed to help MP Materials build two major projects: a rare earth recycling line at the Mountain Pass facility and custom manufacturing lines for making Apple magnets at MP Materialsâ€™ Texas factory."
1m1bvsx,Steam rules updated to prohibit content that violates rules set forth by payment processors and banks,OGSyedIsEverywhere,1561,246,2025-07-16 12:56:26,
1m1azny,Reddit now requires UK users to upload a selfie or ID to access adult content,AdSpecialist6598,1767,298,2025-07-16 12:14:22,
1m1mzcb,Meta shareholders vs Mark Zuckerberg in $8 billion lawsuit,Shogouki,399,6,2025-07-16 20:03:59,
1m1fpg7,Now Microsoftâ€™s Copilot Vision AI can scan everything on your screen,Tanglesome,830,153,2025-07-16 15:32:17,
1m1nmhs,Tim O'Reilly -Where Is AI on the Enshittification Curve?,Tanglesome,335,18,2025-07-16 20:29:03,
1m1z82g,Nvidia's new consumer desktop PC chip reportedly delayed well into 2026,SelflessMirror,64,6,2025-07-17 05:27:26,
1m1rkbc,xAI is hiring an engineer to make anime girls,Logical_Welder3467,178,48,2025-07-16 23:09:01,
1m2c6vf,The Netherlands trials first self-driving bus on route to Rotterdam The Hague airport,Resident_Tackle9041,8,0,2025-07-17 16:30:31,
1m2ld76,iCloud Coverage: Antitrust Storm Brews Against Apple,FollowingFeisty5321,3,0,2025-07-17 22:27:31,
1m21whm,VMware reboots its partner program again â€“ and it looks like smaller players are out,Logical_Welder3467,19,5,2025-07-17 08:15:30,
1m2x8ae,Zuckerberg says Meta will build data center the size of Manhattan in latest AI push | CEO says company plans to spend hundreds of billions on developing artificial intelligence products,MetaKnowing,0,75,2025-07-18 08:54:14,
1m1rb7h,"Google finds custom backdoor being installed on SonicWall network devices | Overstep backdoor nukes key log entries, making detection hard.",ControlCAD,84,6,2025-07-16 22:58:07,
1m1mtwb,Internet-safe iPhone for children goes on sale for Â£99 a month,vriska1,141,75,2025-07-16 19:58:10,
1m0qixk,Billionaires Convince Themselves AI Chatbots Are Close to Making New Scientific Discoveries,lurker_bee,26547,2035,2025-07-15 19:01:27,
1m1522p,Tesla's Autopilot system is in the spotlight at a Miami trial over a student killed while stargazing,SelflessMirror,1730,218,2025-07-16 06:09:47,
1m0v4oj,"Grok Rolls out Pornographic Anime Companion, lands Department of Defense Contract- still identifying as Adolf Hitler",Odd-Interest9102,8104,262,2025-07-15 21:58:54,
1m0zp54,"Senate Votes To Advance Trumpâ€™s Effort To Rescind Funding For PBS, NPR And Public Media",cmaia1503,4035,259,2025-07-16 01:23:34,
1m2kcb4,Twitch starts testing vertical video streams,BalticsFox,0,5,2025-07-17 21:45:02,
1m1w10w,Scientists achieve first experimental observation of the transverse Thomson effect ðŸ‘€,Choobeen,34,4,2025-07-17 02:36:29,
1m23vpb,Targeted in vivo gene integration of a secretion-enabled GLP-1 receptor agonist reverses diet-induced non-genetic obesity and pre-diabetes - Communications Medicine,SpiritGaming28,7,0,2025-07-17 10:22:09,
1m0x93m,Teslaâ€™s Cybertruck Is a Bust | The truck that was supposed to revolutionize everything is flopping fast.,Aggravating_Money992,4063,800,2025-07-15 23:29:42,
1m2gwrl,Symbian: The forgotten FOSS phone OS,Tanglesome,2,0,2025-07-17 19:30:29,"I don't get it. Symbian OS is open source now, it's powerful on low-end hardware, and it was relatively easy to program in. "
1m2ekim,"Gil Duran on Trump, Tech and â€œThe Nerd Reich"" Commonwealth Club",jupiterkansas,0,7,2025-07-17 18:00:57,
1m2w9c5,"The era of human programmers is coming to its end"", says Softbank founder Masayoshi Son.",Just-Grocery-2229,0,21,2025-07-18 07:50:08,
1m2c16w,"Sonyâ€™s pocket-sized RX1R camera returns with its first update in 10 years | The full-frame RX1R III has 61MP, better autofocus, and a price thatâ€™s almost $2,000 higher than the camera itâ€™s replacing.",ControlCAD,0,4,2025-07-17 16:24:18,
1m1ar6f,Co-op boss confirms all 6.5m members had data stolen,twistedLucidity,182,5,2025-07-16 12:02:55,
1m1wojg,More VMware cloud partners axed as Broadcom launches new invite-only program | Smaller businesses most likely to be affected as white-label cloud program is also ending.,ControlCAD,11,3,2025-07-17 03:09:15,
1m1hzx3,"Stellantis abandons hydrogen fuel cell development | Fast filling times are seductive, but they don't compensate for H2's many drawbacks.",chrisdh79,69,20,2025-07-16 16:57:28,
1m1fhzs,A Big Problem With AI Data Centers: Water,yogthos,91,18,2025-07-16 15:24:28,
1m1dymp,"Houthi-linked dealers sell arms on X and WhatsApp, report says",Resident_Tackle9041,102,2,2025-07-16 14:25:20,
1m1rlp5,Ex-Waymo engineers launch Bedrock Robotics with $80M to automate construction,Logical_Welder3467,18,7,2025-07-16 23:10:39,
1m1c0z9,Chinese authorities are using a new tool to hack seized phones and extract data,lurker_bee,127,22,2025-07-16 13:02:41,
1m2a2uo,HP Is Launching an Ad Business With Laptop-Targeted Ads and a Streaming Service,ian9outof10,0,14,2025-07-17 15:09:29,This is unspeakably grimâ€¦
1m2nuw7,OpenAI Unveils Agent That Can Make Spreadsheets and PowerPoints,lurker_bee,0,13,2025-07-18 00:17:54,
1m0xyid,"Starting Today, Marriottâ€™s AI Takes Control Of Room Upgradesâ€”Forget Charm, Algorithm Decides If You Deserve A Suite",lurker_bee,1184,116,2025-07-16 00:01:09,
1m11hwe,Congress moves to reject bulk of White Houseâ€™s proposed NASA cuts,Carbidereaper,681,37,2025-07-16 02:50:36,
1m0lthp,The IRS Is Building a Vast System to Share Millions of Taxpayersâ€™ Data With ICE,RoachedCoach,4461,197,2025-07-15 16:06:52,
1m0fvrt,Secret changes to major U.S. health datasets raise alarms | A new study reports that more than 100 United States government health datasets were altered this spring without any public notice.,chrisdh79,8114,140,2025-07-15 12:00:12,
1m1fjw7,Musk's Grok AI Follows Up 'MechaHitler' With Anime Goth Waifu And Red Panda That Wants To Teabag Everything In Sight,cirza,43,16,2025-07-16 15:26:27,
